Div,Date,Time,HomeTeam,AwayTeam,FTHG,FTAG,HC,AC,HY,AY,HR,AR,HF,AF,Referee
E0,01/07/2026,19:00,Forge FC,Vancouver FC,3,2,7,1,0,0,0,0,13,5,
E0,01/07/2026,22:00,HFX Wanderers FC,Atletico Ottawa,1,3,8,2,0,0,0,0,6,7,
E0,01/08/2026,13:00,Akron Togliatti,Rubin Kazan,1,2,5,3,1,2,0,0,12,7,Yan Bobrovskiy
E0,01/08/2026,19:45,Baltika,Dinamo Moscow,2,1,2,8,2,0,0,0,15,10,Inal Tanashev
E0,01/08/2026,15:15,CSKA Moscow,Krylya Sovetov Samara,1,1,2,5,0,3,0,0,15,18,Evgeni Bulanov
E0,01/08/2026,17:30,Dynamo Makhachkala,Lokomotiv Moscow,2,1,1,9,1,2,0,0,9,11,Sergey Karasev
E0,01/08/2026,12:00,Kryvbas,Karpaty,1,4,3,11,,,,,,,
E0,01/08/2026,04:00,Pacific FC,Supra du Quebec,1,2,3,8,0,0,2,0,6,14,
E0,01/08/2026,00:00,Vancouver FC,Atletico Ottawa,3,1,3,6,0,0,0,0,9,16,
E0,01/09/2026,16:00,Ghazl Al Mahalla,Al Sharkeyah-ENPPI,0,0,2,3,2,3,0,0,12,10,Mohamed El Ghazi
E0,01/09/2026,16:00,Tala'ea El Gaish,ZED FC,0,1,3,4,1,1,1,0,12,21,Mohamed El Atabani
E0,01/09/2026,19:00,Wadi Degla FC,Olympic El Qanah FC,0,0,12,1,4,2,0,0,14,12,Mahmoud Wafa
E0,02/08/2026,03:00,Cavalry FC,Inter Toronto FC,5,0,6,2,0,0,0,0,6,15,
E0,02/08/2026,12:00,Chornomorets Odesa,Polissya Zhytomyr,1,2,1,8,,,,,,,
E0,02/08/2026,14:30,Epitsentr Kamianets-Podilskyi,Obolon Kyiv,3,0,6,1,,,,,,,
E0,02/08/2026,17:15,FC Krasnodar,Fakel,3,2,2,4,4,0,0,0,11,10,Stanislav Matveev
E0,02/08/2026,15:00,FC Orenburg,Zenit St. Petersburg,0,3,5,2,3,1,0,0,18,11,Evgeni Kukulyak
E0,02/08/2026,19:30,FK Akhmat,Spartak Moscow,1,2,1,5,1,2,1,0,13,15,Anton Frolov
E0,02/08/2026,00:00,HFX Wanderers FC,Forge FC,0,0,7,5,0,0,0,0,13,17,
E0,02/09/2026,19:00,Abo Qir Semad,Al Ittihad Alexandria,0,2,5,9,1,1,0,0,12,9,Ibrahim Ghuloum Mohamed
E0,02/09/2026,19:00,Ceramica Cleopatra,Modern Sport FC,2,0,5,3,2,2,0,0,11,14,Mahmoud Bassiouni
E0,02/09/2026,16:00,El Gouna FC,Al Mokawloon Al Arab,0,1,8,3,0,2,0,0,4,15,Ahmed El Ghandour
E0,03/08/2026,14:30,Bukovyna Chernivtsi,LNZ Cherkasy,0,0,2,2,,,,,,,
E0,03/08/2026,17:00,Shakhtar Donetsk,Kudrivka,5,1,5,3,,,,,,,
E0,03/09/2026,19:00,Al Ahly SC,Smouha SC,1,0,9,1,2,3,0,0,13,13,Amin Mohamed Omar
E0,04/07/2026,22:00,Atletico Ottawa,Cavalry FC,0,3,4,6,0,0,0,0,10,8,
E0,04/07/2026,01:00,Vancouver FC,Inter Toronto FC,4,0,2,4,0,0,0,0,15,14,
E0,04/09/2026,12:00,Chornomorets Odesa,Liviy Bereh,0,0,3,3,,,,,,,
E0,04/09/2026,21:00,Ipswich Town,Liverpool,0,2,4,3,1,3,0,0,6,13,Darren England
E0,04/09/2026,17:00,Polissya Zhytomyr,Kudrivka,5,1,4,0,,,,,,,
E0,05/07/2026,00:25,Pacific FC,HFX Wanderers FC,1,2,6,2,0,0,0,0,10,12,
E0,05/07/2026,19:00,Supra du Quebec,Forge FC,1,2,2,4,0,0,0,0,14,18,
E0,05/09/2026,22:00,Atletico Ottawa,Pacific FC,0,0,6,3,0,0,0,0,15,13,Ben Hoskins
E0,05/09/2026,16:00,Brentford,Sunderland,1,1,4,3,3,2,0,0,19,9,Thomas Bramall
E0,05/09/2026,16:00,Brighton & Hove Albion,Leeds United,1,1,7,6,3,3,0,0,13,16,Stuart Attwell
E0,05/09/2026,12:00,FC Kharkiv,Obolon Kyiv,5,0,7,4,,,,,,,
E0,05/09/2026,18:00,FC Rostov,Fakel,3,1,4,1,1,3,0,0,13,11,Aleksey Sukhoy
E0,05/09/2026,01:00,Forge FC,Inter Toronto FC,1,1,7,1,0,0,0,0,15,17,Sebastian Noshinravani
E0,05/09/2026,16:00,Fulham,Crystal Palace,2,3,7,1,0,0,0,0,6,7,Samuel Barrott
E0,05/09/2026,18:30,Hull City,Aston Villa,0,0,3,4,2,0,0,0,10,5,Michael Oliver
E0,05/09/2026,17:00,Karpaty,Shakhtar Donetsk,1,2,4,3,,,,,,,
E0,05/09/2026,13:00,Krylya Sovetov Samara,FC Krasnodar,2,2,0,3,2,1,0,0,22,18,Inal Tanashev
E0,05/09/2026,12:00,Kryvbas,FC Kolos Kovalivka,2,2,8,8,,,,,,,
E0,05/09/2026,16:00,Manchester City,Coventry City,1,0,4,5,1,2,0,0,7,17,Paul Tierney
E0,05/09/2026,13:30,Newcastle United,AFC Bournemouth,2,2,4,3,2,3,0,0,19,17,Robert Jones
E0,05/09/2026,16:00,Nottingham Forest,Tottenham Hotspur,0,0,2,10,2,2,0,0,22,14,Craig Pawson
E0,05/09/2026,15:30,Zenit St. Petersburg,CSKA Moscow,1,2,10,2,4,3,0,0,14,16,Andrey Prokopov
E0,06/09/2026,17:30,Arsenal,Chelsea,2,1,5,3,2,4,0,0,13,16,Chris Kavanagh
E0,06/09/2026,19:45,Baltika,Lokomotiv Moscow,0,1,5,4,1,4,0,0,16,11,Sergey Karasev
E0,06/09/2026,17:30,Dinamo Moscow,Spartak Moscow,2,1,0,5,1,4,1,0,11,14,Kirill Levnikov
E0,06/09/2026,12:00,Dynamo Kyiv,LNZ Cherkasy,0,0,7,3,,,,,,,
E0,06/09/2026,15:15,Dynamo Makhachkala,Rodina,2,0,7,3,0,2,0,1,14,12,Yan Bobrovskiy
E0,06/09/2026,17:00,Epitsentr Kamianets-Podilskyi,Bukovyna Chernivtsi,0,0,7,8,,,,,,,
E0,06/09/2026,15:00,Everton,Manchester United,2,2,4,3,3,3,0,0,7,11,John Brooks
E0,06/09/2026,13:00,FC Orenburg,Akron Togliatti,2,2,3,5,2,3,0,0,16,14,Stanislav Matveev
E0,06/09/2026,00:00,Vancouver FC,Supra du Quebec,3,2,1,7,0,0,0,0,6,12,Carly Shaw-MacLaren
E0,06/09/2026,14:30,Veres Rivne,Zorya,1,1,1,4,,,,,,,
E0,07/08/2026,01:00,Forge FC,Vancouver FC,0,1,6,1,0,0,0,0,14,7,
E0,07/09/2026,16:00,Al Ittihad Alexandria,Asyut Petroleum,1,0,4,5,3,3,0,0,12,17,El Sayed Mounir
E0,07/09/2026,21:00,HFX Wanderers FC,Cavalry FC,1,3,1,2,0,0,1,0,8,14,Scott Bowman
E0,07/09/2026,19:00,National Bank,Ghazl Al Mahalla,3,1,9,8,0,0,0,0,7,9,Mohamed El Kalawy
E0,07/09/2026,16:00,Olympic El Qanah FC,Tala'ea El Gaish,1,1,2,5,2,2,0,0,17,14,Mohamed Abassa Kabeel
E0,07/09/2026,19:00,Petrojet-Suez,Al Masry SC,2,1,6,6,2,0,0,0,14,13,Ahmed Gamal
E0,07/09/2026,18:30,Rubin Kazan,FK Akhmat,1,1,2,8,0,0,0,0,17,15,Evgeniy Bulanov
E0,08/08/2026,19:00,Atletico Ottawa,HFX Wanderers FC,2,1,6,2,0,0,0,0,5,12,
E0,08/08/2026,17:00,Bukovyna Chernivtsi,Obolon Kyiv,0,0,13,1,,,,,,,
E0,08/08/2026,19:30,CSKA Moscow,FC Rostov,0,0,1,3,1,2,0,0,8,10,Vasili Kazartsev
E0,08/08/2026,14:30,Krylya Sovetov Samara,Baltika,0,2,2,5,1,0,0,0,10,16,Artem Chistyakov
E0,08/08/2026,16:40,Liviy Bereh,Kudrivka,0,0,1,4,,,,,,,
E0,08/08/2026,17:00,Lokomotiv Moscow,Akron Togliatti,0,0,2,6,4,1,0,0,14,17,Sergey Tsyganok
E0,08/08/2026,23:00,Pacific FC,Inter Toronto FC,1,1,5,6,0,0,0,0,14,15,
E0,08/09/2026,19:00,Smouha SC,Ceramica Cleopatra,0,2,4,3,3,1,0,0,7,13,Mohamed El Atabani
E0,08/09/2026,19:00,Zamalek SC,Abo Qir Semad,2,0,4,3,1,3,0,0,14,19,Ahmed Nagy
E0,09/08/2026,13:30,Dinamo Moscow,Dynamo Makhachkala,3,1,4,2,3,3,0,0,13,17,Rafael Shafeev
E0,09/08/2026,14:30,Epitsentr Kamianets-Podilskyi,Shakhtar Donetsk,0,2,3,3,,,,,,,
E0,09/08/2026,19:30,Rubin Kazan,FC Orenburg,1,1,7,1,2,1,0,0,13,14,Pavel Kukuyan
E0,09/08/2026,19:00,Spartak Moscow,FC Krasnodar,1,2,6,7,1,3,0,0,12,15,Kirill Levnikov
E0,09/08/2026,02:00,Supra du Quebec,Cavalry FC,1,1,5,3,0,0,0,0,13,14,
E0,09/08/2026,17:00,Veres Rivne,Dynamo Kyiv,1,2,7,9,,,,,,,
E0,09/08/2026,16:00,Zenit St. Petersburg,Rodina,1,2,11,3,1,1,0,0,9,12,Igor Kaplenkov
E0,09/08/2026,12:00,Zorya,Kryvbas,1,3,5,4,,,,,,,
E0,09/09/2026,19:00,Al Mokawloon Al Arab,Al Ahly SC,1,1,1,9,1,1,0,0,16,11,Mahmoud Bassiouni
E0,09/09/2026,19:00,Al Sharkeyah-ENPPI,ZED FC,2,1,4,2,1,2,0,0,14,10,Amin Mohamed Omar
E0,09/09/2026,01:30,Inter Toronto FC,Pacific FC,3,3,8,3,0,0,0,0,22,13,Michael Venne
E0,09/09/2026,16:00,Modern Sport FC,Wadi Degla FC,2,1,4,10,2,3,0,0,9,11,Mohamed Marouf
E0,09/09/2026,16:00,Pyramids FC,El Gouna FC,1,0,12,0,1,0,0,0,7,16,Sobhy El Amrawi
E0,10/08/2026,18:30,Fakel,FK Akhmat,0,0,10,4,2,1,0,0,11,13,Aleksey Sukhoy
E0,10/08/2026,17:00,Karpaty,LNZ Cherkasy,3,0,4,6,,,,,,,
E0,10/08/2026,14:30,Polissya Zhytomyr,FC Kharkiv,3,1,2,4,,,,,,,
E0,11/09/2026,20:00,Brighton & Hove Albion U21,Leicester City U21,3,0,3,3,0,0,0,0,17,14,Paul Johnson
E0,11/09/2026,20:00,Derby County U21,Tottenham Hotspur U21,1,3,5,5,0,0,0,0,8,9,Gareth Thomas
E0,11/09/2026,12:00,FC Kolos Kovalivka,Karpaty,0,2,4,7,,,,,,,
E0,11/09/2026,20:00,Fulham U21,Aston Villa U21,3,3,4,3,0,0,0,0,18,17,Sam Mulhall
E0,11/09/2026,17:00,Krylya Sovetov Samara,Rodina,2,1,3,7,1,5,0,0,9,19,Vladimir Moskalev
E0,11/09/2026,20:00,Norwich City U21,Birmingham U21,4,2,5,3,0,0,0,0,13,12,Tolu Sangowawa
E0,11/09/2026,20:00,Stoke City U21,Wolverhampton Wanderers U21,4,0,1,7,0,0,0,0,18,15,Stuart Morland
E0,11/09/2026,20:00,Sunderland U21,Ipswich Town U21,4,2,3,6,0,0,0,0,15,17,Richard Aspinall
E0,12/09/2026,16:00,AFC Bournemouth,Brentford,2,2,2,1,5,1,0,0,10,13,Jarred Gillett
E0,12/09/2026,15:00,Arsenal U21,Chelsea U21,1,4,3,2,0,0,0,0,12,15,Michael Barlow
E0,12/09/2026,16:00,Aston Villa,Nottingham Forest,1,2,6,1,2,5,0,0,11,16,Andy Madley
E0,12/09/2026,19:45,CSKA Moscow,Rubin Kazan,1,1,4,8,2,4,1,0,10,13,Inal Tanashev
E0,12/09/2026,16:00,Chelsea,Hull City,2,2,10,4,1,5,0,0,7,12,Farai Hallam
E0,12/09/2026,16:00,Crystal Palace,Ipswich Town,2,3,6,3,1,4,1,0,6,16,Chris Kavanagh
E0,12/09/2026,17:30,Dinamo Moscow,FC Orenburg,1,0,7,1,1,3,0,2,7,20,Pavel Kukuyan
E0,12/09/2026,13:00,Fakel,Baltika,2,2,3,7,1,3,0,0,17,11,Mikhail Plisko
E0,12/09/2026,01:00,Forge FC,Atletico Ottawa,3,0,3,4,0,0,0,0,11,15,Renzo Villanueva
E0,12/09/2026,12:00,LNZ Cherkasy,Obolon Kyiv,3,1,1,5,,,,,,,
E0,12/09/2026,16:00,Liverpool,Fulham,0,0,5,8,0,1,0,0,11,8,Thomas Bramall
E0,12/09/2026,13:00,Southampton U21,Bournemouth U21,3,1,9,3,0,0,0,1,10,7,James Durkin
E0,12/09/2026,21:00,Sunderland,Arsenal,0,2,4,2,4,2,1,0,18,11,John Brooks
E0,12/09/2026,22:00,Supra du Quebec,HFX Wanderers FC,0,2,1,3,0,0,0,0,17,8,Roberto D'Alesio
E0,12/09/2026,18:30,Tottenham Hotspur,Everton,0,0,5,6,0,2,0,0,14,8,Darren England
E0,12/09/2026,15:15,Zenit St. Petersburg,Lokomotiv Moscow,2,1,5,4,1,2,0,0,9,24,Nikita Novikov
E0,13/09/2026,14:00,Brentford U21,Everton U21,0,2,4,12,0,0,0,0,5,12,Matthew Norton
E0,13/09/2026,17:00,Bukovyna Chernivtsi,Zorya,1,1,11,4,,,,,,,
E0,13/09/2026,15:00,Coventry City,Brighton & Hove Albion,0,5,5,3,0,0,1,0,9,15,Tony Harrington
E0,13/09/2026,18:30,FC Krasnodar,Akron Togliatti,1,1,8,1,2,6,0,0,12,18,Vasily Kazartsev
E0,13/09/2026,13:30,FK Akhmat,Dynamo Makhachkala,3,2,3,4,6,3,0,1,16,20,Rafael Shafeev
E0,13/09/2026,21:00,Inter Toronto FC,Vancouver FC,3,1,4,8,0,0,0,0,9,10,Iwan-Nikita Jecanski
E0,13/09/2026,17:30,Manchester United,Manchester City,0,1,6,7,1,2,0,1,17,10,Michael Oliver
E0,13/09/2026,13:00,Middlesbrough U21,Leeds United U21,4,4,7,2,0,0,0,0,8,19,Callum Jones
E0,13/09/2026,00:00,Pacific FC,Cavalry FC,0,1,4,7,0,0,0,0,16,15,Alain Ruch
E0,13/09/2026,14:30,Polissya Zhytomyr,Liviy Bereh,1,0,9,7,,,,,,,
E0,13/09/2026,16:00,Spartak Moscow,FC Rostov,3,0,3,6,2,3,0,1,11,14,Ivan Abrosimov
E0,14/08/2026,17:00,Epitsentr Kamianets-Podilskyi,Veres Rivne,0,0,7,3,,,,,,,
E0,14/08/2026,16:00,FC Orenburg,Lokomotiv Moscow,1,1,6,2,2,1,0,0,12,18,Anton Frolov
E0,14/09/2026,20:00,Blackburn Rovers U21,Reading U21,2,3,4,5,0,0,0,0,17,11,Matthew Scholes
E0,14/09/2026,19:00,Ceramica Cleopatra,National Bank,2,0,6,3,1,3,0,0,13,13,Mahmoud Nassif
E0,14/09/2026,14:30,Dynamo Kyiv,Epitsentr Kamianets-Podilskyi,3,0,7,4,,,,,,,
E0,14/09/2026,21:00,Leeds United,Newcastle United,4,1,5,5,1,2,0,0,8,13,Michael Salisbury
E0,14/09/2026,20:00,Nottingham Forest U21,Burnley U21,1,0,4,10,0,0,0,0,11,10,Jason Richardson
E0,14/09/2026,17:00,Shakhtar Donetsk,Chornomorets Odesa,2,0,1,3,,,,,,,
E0,14/09/2026,16:00,Tala'ea El Gaish,Smouha SC,0,1,3,1,3,2,1,0,5,18,Wael Farhan
E0,14/09/2026,20:00,West Ham United U21,Liverpool U21,1,0,5,5,0,0,0,0,8,16,James Durkin
E0,15/08/2026,15:15,CSKA Moscow,Fakel,1,0,7,3,3,3,0,0,14,12,Inal Tanashev
E0,15/08/2026,23:00,Cavalry FC,Forge FC,2,1,5,1,0,0,0,2,13,19,
E0,15/08/2026,19:45,FC Krasnodar,FK Akhmat,1,0,3,4,1,4,0,0,9,8,Sergey Karasev
E0,15/08/2026,17:30,FC Rostov,Rubin Kazan,1,1,5,3,3,0,0,0,14,10,Ivan Abrosimov
E0,15/08/2026,17:00,Karpaty,Bukovyna Chernivtsi,3,0,8,11,,,,,,,
E0,15/08/2026,12:00,Kryvbas,Liviy Bereh,1,1,2,1,,,,,,,
E0,15/08/2026,14:30,Kudrivka,Obolon Kyiv,0,0,6,3,,,,,,,
E0,15/08/2026,13:00,Rodina,Akron Togliatti,3,3,1,5,0,1,0,0,16,13,Matvey Zaika
E0,15/08/2026,03:00,Vancouver FC,Pacific FC,1,1,3,3,0,0,0,0,12,15,
E0,15/09/2026,19:00,Al Ahly SC,Abo Qir Semad,2,0,7,5,2,3,0,0,15,13,Mohamed El Ghazi
E0,15/09/2026,19:00,Al Masry SC,Al Ittihad Alexandria,0,2,12,2,3,0,0,0,9,13,Mahmoud Wafa
E0,15/09/2026,16:00,Asyut Petroleum,Modern Sport FC,0,2,2,8,1,0,1,0,13,12,Ahmed Nasser
E0,15/09/2026,16:00,Wadi Degla FC,Al Mokawloon Al Arab,0,2,8,4,3,1,0,0,10,8,Abdel Rahman Salah
E0,16/08/2026,18:30,Baltika,Spartak Moscow,1,2,5,9,4,2,0,0,16,14,Andrey Prokopov
E0,16/08/2026,17:00,Dynamo Kyiv,FC Kolos Kovalivka,2,1,3,1,,,,,,,
E0,16/08/2026,14:30,FC Kharkiv,Shakhtar Donetsk,0,1,6,3,,,,,,,
E0,16/08/2026,22:00,Inter Toronto FC,HFX Wanderers FC,4,3,2,6,0,0,0,0,8,12,
E0,16/08/2026,16:00,Krylya Sovetov Samara,Dynamo Makhachkala,1,4,9,5,3,3,1,0,15,6,Nikita Novikov
E0,16/08/2026,12:00,LNZ Cherkasy,Chornomorets Odesa,2,0,7,2,,,,,,,
E0,16/08/2026,18:00,Supra du Quebec,Atletico Ottawa,1,2,6,4,0,0,1,0,14,13,
E0,16/08/2026,13:30,Zenit St. Petersburg,Dinamo Moscow,3,0,1,7,2,2,0,0,16,15,Artem Chistyakov
E0,16/09/2026,19:45,Baltika,Zenit St. Petersburg,2,3,9,8,2,1,0,0,16,7,Artem Chistyakov
E0,16/09/2026,16:00,El Gouna FC,Petrojet-Suez,1,2,7,1,0,1,0,0,12,7,Mohamed Marouf
E0,16/09/2026,19:00,Ghazl Al Mahalla,Zamalek SC,0,1,3,0,2,3,0,0,11,15,Mahmoud Bassiouni
E0,16/09/2026,19:45,Lokomotiv Moscow,Krylya Sovetov Samara,1,1,3,1,5,4,0,0,18,19,Danil Naboka
E0,16/09/2026,17:30,Rodina,Rubin Kazan,1,1,10,4,2,3,0,0,13,18,Rafael Shafeev
E0,16/09/2026,17:30,Spartak Moscow,Fakel,1,0,11,2,0,2,0,1,7,23,Stanislav Matveev
E0,17/07/2026,01:00,Atletico Ottawa,Inter Toronto FC,1,1,10,2,0,0,0,0,9,6,
E0,17/07/2026,01:00,Supra du Quebec,Vancouver FC,1,5,5,6,0,0,1,0,14,12,
E0,17/08/2026,17:00,Polissya Zhytomyr,Zorya,1,2,6,4,,,,,,,
E0,17/09/2026,17:30,Akron Togliatti,FK Akhmat,2,0,6,5,3,5,0,1,17,14,Matvey Zaika
E0,17/09/2026,19:00,Al Sharkeyah-ENPPI,Pyramids FC,1,2,3,6,1,6,0,0,16,13,Ibrahim Ghuloum Mohamed
E0,17/09/2026,19:45,Dynamo Makhachkala,CSKA Moscow,1,3,4,5,3,4,0,0,12,10,Anton Frolov
E0,17/09/2026,15:15,FC Orenburg,FC Krasnodar,0,0,3,5,5,4,0,0,19,16,Kirill Levnikov
E0,17/09/2026,17:30,FC Rostov,Dinamo Moscow,0,3,4,4,1,3,0,0,17,13,Andrey Prokopov
E0,17/09/2026,16:00,ZED FC,Olympic El Qanah FC,2,1,9,1,3,1,0,0,20,13,Tarek Magdy
E0,18/07/2026,21:00,Cavalry FC,HFX Wanderers FC,1,1,2,3,0,0,0,0,14,11,
E0,18/09/2026,20:00,Aston Villa U21,Middlesbrough U21,2,2,4,5,0,0,0,1,12,19,Declan Bourne
E0,18/09/2026,14:00,Birmingham U21,Arsenal U21,0,0,5,10,0,0,0,0,11,10,Adam Merchant
E0,18/09/2026,21:00,Brentford,Chelsea,3,0,4,12,2,0,0,0,10,7,Andy Madley
E0,18/09/2026,20:00,Burnley U21,Derby County U21,4,1,5,10,0,0,0,0,16,14,Matthew McQuillan
E0,18/09/2026,12:15,Chornomorets Odesa,Obolon Kyiv,1,1,1,2,,,,,,,
E0,18/09/2026,20:00,Leicester City U21,West Ham United U21,0,0,5,7,0,0,0,0,17,9,George Laflin
E0,18/09/2026,20:00,Manchester United U21,Brentford U21,3,2,5,6,0,0,0,0,11,6,Lewis Smith
E0,18/09/2026,15:05,Polissya Zhytomyr,Kryvbas,1,0,3,1,,,,,,,
E0,18/09/2026,20:00,Sunderland U21,Norwich City U21,3,1,7,2,0,0,0,1,10,9,Dale Baines
E0,18/09/2026,20:00,West Bromwich Albion U21,Nottingham Forest U21,1,3,0,8,0,0,0,0,16,9,Tolu Sangowawa
E0,18/09/2026,20:00,Wolverhampton Wanderers U21,Southampton U21,0,2,3,8,0,0,0,0,15,21,Richard Aspinall
E0,19/08/2026,01:00,Atletico Ottawa,Vancouver FC,4,0,1,6,0,0,0,0,11,11,Myriam Marcotte
E0,19/08/2026,01:00,Forge FC,Supra du Quebec,3,2,6,3,0,0,0,0,12,13,Michael Venne
E0,19/09/2026,16:00,Brighton & Hove Albion,Arsenal,3,0,5,6,4,1,0,0,13,11,Darren England
E0,19/09/2026,23:00,Cavalry FC,Forge FC,1,1,5,5,0,0,1,0,19,13,Michael Venne
E0,19/09/2026,16:00,Chelsea U21,Fulham U21,3,1,9,7,0,0,0,0,14,13,Simon Hooper
E0,19/09/2026,13:00,Crystal Palace U21,Blackburn Rovers U21,0,1,8,6,0,0,1,0,13,15,Robert Massey-Ellis
E0,19/09/2026,17:00,Epitsentr Kamianets-Podilskyi,Liviy Bereh,0,2,8,7,,,,,,,
E0,19/09/2026,16:00,Everton,Ipswich Town,1,0,4,4,2,1,0,1,6,12,Stuart Attwell
E0,19/09/2026,12:00,FC Kharkiv,Bukovyna Chernivtsi,2,0,2,2,,,,,,,
E0,19/09/2026,13:30,Leeds United U21,Newcastle United U21,2,0,5,4,0,0,0,0,8,14,Andrew Miller
E0,19/09/2026,13:00,Liverpool U21,Brighton & Hove Albion U21,5,1,5,6,0,0,0,0,15,18,Dean Watson
E0,19/09/2026,16:00,Newcastle United,Hull City,2,1,4,7,1,5,0,0,4,10,Tony Harrington
E0,19/09/2026,18:30,Nottingham Forest,Coventry City,0,1,6,2,2,0,0,0,12,10,Jarred Gillett
E0,19/09/2026,13:00,Reading U21,Everton U21,0,0,8,2,0,0,0,1,21,14,Sam Mulhall
E0,19/09/2026,13:30,Tottenham Hotspur,Aston Villa,2,3,11,1,1,2,0,0,9,13,Samuel Barrott
E0,19/09/2026,14:00,Tottenham Hotspur U21,Manchester City U21,4,2,6,4,0,0,0,0,15,12,Richie Watkins
E0,19/09/2026,14:30,Zorya,Dynamo Kyiv,0,2,4,4,,,,,,,
E0,20/09/2026,15:00,AFC Bournemouth,Liverpool,0,1,3,3,1,2,0,0,11,13,Michael Oliver
E0,20/09/2026,18:00,Atletico Ottawa,Supra du Quebec,0,2,7,4,0,0,0,0,6,13,Alain Ruch
E0,20/09/2026,17:30,Fulham,Manchester United,1,1,3,13,3,0,0,0,9,5,Peter Bankes
E0,20/09/2026,21:00,HFX Wanderers FC,Inter Toronto FC,4,1,0,9,0,0,0,0,11,12,Renzo Villanueva
E0,20/09/2026,14:30,Karpaty,Veres Rivne,1,1,0,7,,,,,,,
E0,20/09/2026,12:00,Kudrivka,FC Kolos Kovalivka,2,3,1,2,,,,,,,
E0,20/09/2026,15:00,Leeds United,Crystal Palace,0,0,4,3,2,3,0,0,10,12,Adam Herczeg
E0,20/09/2026,15:00,Manchester City,Sunderland,5,3,6,5,0,1,0,0,14,14,Robert Jones
E0,20/09/2026,02:00,Pacific FC,Vancouver FC,1,1,7,8,0,0,0,0,7,17,Mathieu Souare
E0,20/09/2026,17:00,Shakhtar Donetsk,LNZ Cherkasy,3,0,4,3,,,,,,,
E0,21/08/2026,20:00,AFC Bournemouth Academy,Chelsea U21,2,1,2,5,0,0,0,0,16,9,Sam Mulhall
E0,21/08/2026,19:00,Abo Qir Semad,National Bank,1,0,1,9,2,0,0,0,15,6,Mohamed Abassa Kabeel
E0,21/08/2026,21:00,Arsenal,Coventry City,3,0,8,2,1,1,0,0,10,13,Thomas Bramall
E0,21/08/2026,20:00,Aston Villa U21,Brighton & Hove Albion U21,2,1,5,3,0,0,0,0,14,19,Matthew McQuillan
E0,21/08/2026,20:00,Everton U21,Liverpool U21,1,1,5,4,0,0,1,1,10,18,Stephen Parkinson
E0,21/08/2026,20:00,Fulham U21,Burnley U21,4,3,10,4,0,0,0,0,19,20,Aaron Farmer
E0,21/08/2026,20:00,Stoke City U21,Brentford Academy,2,3,4,4,0,0,0,0,10,16,Jason Richardson
E0,21/08/2026,16:00,Wadi Degla FC,ZED FC,0,0,1,2,3,1,0,0,16,20,Ibrahim Ghuloum Mohamed
E0,21/08/2026,20:00,West Ham United U21,Southampton U21,0,0,8,6,0,0,0,0,8,13,Matthew Norton
E0,21/08/2026,19:00,Zamalek SC,Al Ittihad Alexandria,0,0,7,5,1,1,0,0,6,10,Amin Mohamed Omar
E0,21/09/2026,20:00,Bournemouth U21,Stoke City U21,2,1,6,3,0,0,0,0,9,11,Ross Martin
E0,22/08/2026,19:00,Al Masry SC,Smouha SC,1,0,1,1,3,3,0,0,17,16,Mohamed El Ghazi
E0,22/08/2026,14:00,Arsenal U21,Crystal Palace U21,1,1,11,2,0,0,0,0,13,17,Daniel Blades
E0,22/08/2026,16:00,Asyut Petroleum,Petrojet-Suez,1,1,0,17,2,1,0,0,13,9,Mahmoud Wafa
E0,22/08/2026,18:30,Brentford,Tottenham Hotspur,3,0,7,3,1,1,0,0,17,14,Michael Oliver
E0,22/08/2026,19:15,CSKA Moscow,Lokomotiv Moscow,3,2,5,1,2,1,0,0,14,13,Kirill Levnikov
E0,22/08/2026,22:30,Cavalry FC,Atletico Ottawa,3,1,6,3,0,0,0,0,13,7,Yusri Rudolf
E0,22/08/2026,16:00,Everton,Crystal Palace,2,0,4,0,0,1,0,0,5,15,Paul Tierney
E0,22/08/2026,17:00,FK Akhmat,FC Rostov,4,1,5,0,0,2,0,0,13,17,Yan Bobrovskiy
E0,22/08/2026,14:30,Fakel,FC Orenburg,0,0,6,4,1,3,0,0,12,18,Sergei Ivanov
E0,22/08/2026,01:30,Forge FC,Pacific FC,2,0,7,1,0,0,0,0,10,14,Scott Bowman
E0,22/08/2026,19:00,Ghazl Al Mahalla,Pyramids FC,0,3,2,5,3,1,0,0,16,9,Tarek Magdy
E0,22/08/2026,20:00,HFX Wanderers FC,Vancouver FC,1,0,8,5,0,0,0,0,12,13,Roberto D'Alesio
E0,22/08/2026,13:30,Hull City,Manchester United,2,0,1,6,2,1,0,0,10,9,Darren England
E0,22/08/2026,16:00,Ipswich Town,Sunderland,2,1,3,5,0,3,0,0,12,14,Farai Hallam
E0,22/08/2026,16:00,Nottingham Forest,Leeds United,0,1,3,2,2,1,0,0,15,14,Robert Jones
E0,22/08/2026,16:00,Tala'ea El Gaish,Al Mokawloon Al Arab,1,0,5,4,1,2,0,0,11,16,Mahmoud Nassif
E0,23/08/2026,12:00,Akron Togliatti,Krylya Sovetov Samara,0,3,3,4,5,4,0,0,11,18,Andrey Prokopov
E0,23/08/2026,19:00,Al Ahly SC,Al Sharkeyah-ENPPI,3,2,7,1,1,1,0,0,8,10,Ahmed Nagy
E0,23/08/2026,15:00,Brighton & Hove Albion,Aston Villa,4,0,5,2,2,3,0,1,12,11,Peter Bankes
E0,23/08/2026,19:00,Ceramica Cleopatra,Olympic El Qanah FC,1,2,5,3,2,1,0,1,8,17,Mohamed El Kalawy
E0,23/08/2026,14:15,Dinamo Moscow,Rodina,3,1,5,2,4,2,0,0,11,12,Evgeniy Bulanov
E0,23/08/2026,16:30,Dynamo Makhachkala,FC Krasnodar,0,1,7,3,1,2,0,0,9,12,Vasily Kazartsev
E0,23/08/2026,16:00,El Gouna FC,Modern Sport FC,1,1,4,7,3,1,0,0,14,15,Mohamed El Atabani
E0,23/08/2026,22:00,Inter Toronto FC,Supra du Quebec,1,1,1,10,0,0,0,1,15,16,Renzo Villanueva
E0,23/08/2026,14:00,Leeds United U21,West Bromwich Albion U21,4,3,6,14,0,0,1,0,9,11,Harrison Blair
E0,23/08/2026,15:00,Manchester City,AFC Bournemouth,2,1,8,3,1,2,0,0,11,11,Jarred Gillett
E0,23/08/2026,13:00,Middlesbrough U21,Norwich City U21,0,1,3,8,0,0,0,0,16,13,Robert Massey-Ellis
E0,23/08/2026,17:30,Newcastle United,Liverpool,2,2,2,6,5,3,0,0,16,15,Stuart Attwell
E0,23/08/2026,19:00,Spartak Moscow,Zenit St. Petersburg,2,0,4,4,5,3,0,1,21,13,Inal Tanashev
E0,24/07/2026,19:00,CSKA Moscow,Baltika,2,1,6,2,1,1,0,0,11,17,Ivan Abrosimov
E0,24/07/2026,00:00,HFX Wanderers FC,Supra du Quebec,2,3,6,2,0,0,0,0,7,7,
E0,24/08/2026,19:30,Baltika,Rubin Kazan,1,1,6,3,0,1,0,0,12,10,Aleksey Sukhoy
E0,24/08/2026,21:00,Fulham,Chelsea,2,3,6,4,2,3,0,0,12,7,John Brooks
E0,24/08/2026,20:00,Manchester City U21,Wolverhampton Wanderers U21,4,0,6,1,0,0,0,0,18,10,Aaron Bannister
E0,24/08/2026,20:00,Manchester United U21,Ipswich Town U21,5,0,9,2,0,0,0,1,13,9,Matthew Scholes
E0,24/08/2026,20:00,Newcastle United U21,Tottenham Hotspur U21,1,3,4,4,0,0,0,0,13,15,James Westgate
E0,24/08/2026,20:00,Reading U21,Derby County U21,1,3,6,4,0,0,0,0,14,7,Callum Walchester
E0,24/08/2026,20:00,Sunderland U21,Nottingham Forest U21,5,1,6,3,0,0,0,0,14,15,Aaron Jackson
E0,24/09/2026,04:00,Vancouver FC,Inter Toronto FC,3,3,5,3,0,0,0,0,12,12,Yusri Rudolf
E0,25/07/2026,15:15,Akron Togliatti,Zenit St. Petersburg,0,5,9,5,3,2,0,0,11,9,Andrey Prokopov
E0,25/07/2026,13:00,Dinamo Moscow,Krylya Sovetov Samara,0,0,6,2,0,0,0,0,15,14,Matvey Zaika
E0,25/07/2026,19:45,Spartak Moscow,Rodina,3,0,12,4,0,3,0,0,11,14,Rafael Shafeev
E0,25/07/2026,04:00,Vancouver FC,Cavalry FC,1,0,3,5,0,0,0,1,13,13,
E0,26/07/2026,20:30,Atletico Ottawa,Pacific FC,3,2,6,7,0,0,0,0,12,9,
E0,26/07/2026,18:30,FC Orenburg,FC Rostov,2,1,3,6,1,6,1,0,14,16,Nikita Novikov
E0,26/07/2026,23:00,Inter Toronto FC,Forge FC,1,3,2,9,0,0,0,0,13,13,
E0,26/07/2026,16:00,Lokomotiv Moscow,FK Akhmat,1,1,2,5,3,0,0,0,20,9,Kirill Levnikov
E0,26/07/2026,18:30,Rubin Kazan,FC Krasnodar,1,3,2,4,0,3,1,0,19,13,Artem Chistyakov
E0,26/08/2026,19:00,National Bank,Zamalek SC,0,3,5,2,4,3,0,0,11,15,Mohamed El Ghazi
E0,26/08/2026,19:00,Petrojet-Suez,Tala'ea El Gaish,2,3,14,0,0,2,0,1,12,8,El Sayed Shaban
E0,26/08/2026,16:00,Smouha SC,Asyut Petroleum,0,0,10,5,1,2,0,0,18,20,Abdelaziz El Sayed
E0,27/08/2026,19:00,Al Mokawloon Al Arab,Al Masry SC,2,3,3,6,2,1,0,0,19,12,Ibrahim Ghuloum Mohamed
E0,27/08/2026,16:00,Modern Sport FC,Ghazl Al Mahalla,2,0,0,4,1,1,0,0,12,11,Walid Nagy
E0,27/08/2026,19:00,Pyramids FC,Abo Qir Semad,2,0,1,5,3,2,0,0,11,9,Mohamed El Kalawy
E0,28/06/2026,01:00,Cavalry FC,Supra du Quebec,0,0,12,4,0,0,0,0,10,10,
E0,28/08/2026,17:00,Akron Togliatti,CSKA Moscow,2,2,1,7,5,1,0,0,23,9,Pavel Shadyhanov
E0,28/08/2026,19:00,Al Ittihad Alexandria,Ceramica Cleopatra,1,3,2,6,2,1,0,0,12,9,Mahmoud Nassif
E0,28/08/2026,16:00,Al Sharkeyah-ENPPI,Wadi Degla FC,1,3,7,8,1,3,0,0,10,14,Mohamed Abassa Kabeel
E0,28/08/2026,20:00,Aston Villa U21,Crystal Palace U21,0,2,6,3,0,0,0,0,12,16,Callum Walchester
E0,28/08/2026,01:00,Atletico Ottawa,Inter Toronto FC,2,1,3,3,0,0,0,1,13,15,Roberto D'Alesio
E0,28/08/2026,20:00,Burnley U21,Reading U21,1,3,9,8,0,0,0,0,12,14,Declan Brown
E0,28/08/2026,21:00,Crystal Palace,Manchester City,1,4,2,6,1,2,0,0,8,11,Andy Madley
E0,28/08/2026,20:00,Everton U21,Southampton U21,1,2,5,6,0,0,1,0,17,11,Matthew Scholes
E0,28/08/2026,14:30,FC Kolos Kovalivka,Obolon Kyiv,0,0,6,1,,,,,,,
E0,28/08/2026,20:00,Ipswich Town U21,Blackburn Rovers U21,4,1,4,1,0,0,0,0,11,14,Daniel Blades
E0,28/08/2026,20:30,Norwich City U21,Stoke City U21,0,0,17,4,0,0,0,0,8,3,Matthew Norton
E0,28/08/2026,20:00,Nottingham Forest U21,Manchester City U21,2,1,4,8,0,0,1,0,11,12,Lewis Smith
E0,28/08/2026,16:00,Olympic El Qanah FC,El Gouna FC,1,1,1,4,1,3,0,1,8,13,Abdel Rahman Salah
E0,28/08/2026,01:00,Supra du Quebec,Forge FC,1,0,2,6,0,0,0,0,16,13,Iwan-Nikita Jecanski
E0,28/08/2026,19:00,ZED FC,Al Ahly SC,0,2,3,4,1,1,0,0,10,7,Mohamed Maarouf Eid Mansour
E0,29/07/2026,03:00,Cavalry FC,Supra du Quebec,2,1,12,4,0,0,0,0,10,10,
E0,29/08/2026,16:00,AFC Bournemouth,Everton,1,1,10,7,3,2,0,0,11,14,Chris Kavanagh
E0,29/08/2026,23:00,Cavalry FC,Vancouver FC,1,0,8,4,0,0,0,0,14,14,Michael Venne
E0,29/08/2026,16:00,Coventry City,Hull City,0,1,6,2,1,4,0,0,11,8,Josh Smith
E0,29/08/2026,16:30,FC Krasnodar,FC Rostov,1,0,4,6,3,3,0,0,17,15,Nikita Novikov
E0,29/08/2026,19:00,FK Akhmat,Krylya Sovetov Samara,3,3,6,2,3,3,0,0,7,20,Stanislav Matveev
E0,29/08/2026,14:00,Fakel,Zenit St. Petersburg,0,1,2,6,2,0,0,1,19,6,Anton Frolov
E0,29/08/2026,12:00,Kudrivka,Epitsentr Kamianets-Podilskyi,0,3,0,1,,,,,,,
E0,29/08/2026,13:30,Liverpool,Nottingham Forest,2,2,3,5,4,2,0,0,13,10,Samuel Barrott
E0,29/08/2026,15:15,Liviy Bereh,Karpaty,1,1,2,5,,,,,,,
E0,29/08/2026,19:00,Lokomotiv Moscow,Dinamo Moscow,0,1,1,2,3,1,0,0,13,13,Ivan Abrosimov
E0,29/08/2026,17:00,Shakhtar Donetsk,Polissya Zhytomyr,0,2,6,2,,,,,,,
E0,29/08/2026,18:30,Tottenham Hotspur,Newcastle United,0,2,9,7,1,2,0,0,15,9,Peter Bankes
E0,30/08/2026,15:00,Chelsea,Brighton & Hove Albion,4,3,4,7,1,3,0,0,6,12,Michael Oliver
E0,30/08/2026,12:15,Chornomorets Odesa,Kryvbas,1,0,2,6,,,,,,,
E0,30/08/2026,14:30,LNZ Cherkasy,Veres Rivne,0,1,1,1,,,,,,,
E0,30/08/2026,15:00,Leeds United,Brentford,1,1,5,6,0,4,0,0,5,13,Tony Harrington
E0,30/08/2026,14:00,Liverpool U21,Leeds United U21,2,1,5,8,0,0,0,0,13,11,Richie Watkins
E0,30/08/2026,17:30,Manchester United,Ipswich Town,5,2,8,4,1,3,0,0,7,12,Craig Pawson
E0,30/08/2026,00:00,Pacific FC,HFX Wanderers FC,4,3,3,3,0,0,0,0,11,12,Sebastian Noshinravani
E0,30/08/2026,14:00,Rodina,Baltika,0,3,2,5,3,5,0,0,16,20,Evgeni Kukulyak
E0,30/08/2026,19:00,Rubin Kazan,Dynamo Makhachkala,3,1,2,5,4,3,0,0,11,13,Danil Kashirin
E0,30/08/2026,16:30,Spartak Moscow,FC Orenburg,1,1,6,1,2,8,0,0,11,29,Artem Chistyakov
E0,30/08/2026,15:00,Sunderland,Fulham,1,0,3,4,0,2,0,0,10,15,Michael Salisbury
E0,31/07/2026,19:00,Rodina,FC Rostov,2,4,2,9,2,1,0,0,17,18,Danil Naboka
E0,31/07/2026,17:00,Zorya,FC Kolos Kovalivka,2,0,3,1,,,,,,,
E0,31/08/2026,19:00,Al Masry SC,Pyramids FC,0,1,2,4,2,2,0,0,19,20,Ahmed Nagy
E0,31/08/2026,21:00,Aston Villa,Arsenal,0,1,2,4,3,1,0,0,17,6,Jarred Gillett
E0,31/08/2026,16:00,Asyut Petroleum,National Bank,0,1,1,6,2,4,0,0,11,20,Sobhy El Amrawi
E0,31/08/2026,14:00,Bournemouth U21,Middlesbrough U21,3,1,5,4,0,0,1,0,13,13,Paul Johnson
E0,31/08/2026,14:00,Brentford U21,Sunderland U21,5,1,8,4,0,0,0,0,4,11,Aaron Farmer
E0,31/08/2026,20:00,Brighton & Hove Albion U21,Arsenal U21,2,2,5,6,0,0,0,0,15,11,Matthew Norton
E0,31/08/2026,17:00,Bukovyna Chernivtsi,Dynamo Kyiv,3,0,4,8,,,,,,,
E0,31/08/2026,14:00,Chelsea U21,West Ham United U21,5,4,6,5,0,0,0,0,14,22,Callum Jones
E0,31/08/2026,14:00,Derby County U21,West Bromwich Albion U21,4,4,7,8,0,0,0,0,12,18,Jamie Robinson
E0,31/08/2026,15:00,Manchester United U21,Leicester City U21,4,1,8,2,0,0,0,0,11,24,Aaron Bannister
E0,31/08/2026,20:00,Newcastle United U21,Fulham U21,0,4,8,5,0,0,0,0,10,14,Gareth Thomas
E0,31/08/2026,15:00,Tottenham Hotspur U21,Birmingham U21,3,3,3,4,0,0,0,0,11,10,Daniel Blades
E0,31/08/2026,19:00,Zamalek SC,Petrojet-Suez,2,1,1,6,1,2,0,0,16,14,Tarek Magdy
