Date,Time,HomeTeam,AwayTeam,FTHG,FTAG,HC,AC,HY,AY,HR,AR,HF,AF,Referee
03/10/2026,18:00,Croatia,England,0,7,1,6,1,0,0,0,10,6,
03/10/2026,15:00,Finland,Albania,2,1,7,6,1,4,0,1,13,10,
03/10/2026,18:00,Belarus,San Marino,4,0,6,4,3,5,0,0,16,20,
03/10/2026,18:00,Estonia,Luxembourg,1,0,7,3,3,6,0,0,13,12,
03/10/2026,18:00,Iceland,Bulgaria,3,0,9,1,2,4,0,0,11,14,
03/10/2026,02:00,Colombia,Paraguay,0,1,3,1,2,3,0,0,14,20,
03/10/2026,16:00,India,Brazil,0,4,6,8,0,0,0,0,4,7,
03/10/2026,17:40,Russia,Namibia,6,0,7,0,0,1,0,0,8,8,
03/10/2026,14:30,Strømmen,Sandnes Ulf,3,3,8,11,,,,,,,
03/10/2026,16:00,FK Haugesund,Stabæk,2,0,5,4,,,,,,,
03/10/2026,16:00,Hødd,Odds Ballklubb,2,3,3,7,,,,,,,
03/10/2026,16:00,Strømsgodset,Åsane,1,0,7,4,,,,,,,
03/10/2026,18:00,Hassania Agadir,MAS Fès,1,2,10,5,,,,,,,
03/10/2026,13:30,Crystal Palace,Bristol City,0,2,6,2,0,1,0,0,9,13,
03/10/2026,02:00,Martinique,Honduras,2,1,7,6,5,2,0,0,21,12,
03/10/2026,04:00,El Salvador,Jamaica,0,2,1,5,0,1,1,0,9,15,
03/10/2026,02:00,Barbados,Bermuda,4,1,4,4,1,3,0,0,8,12,
03/10/2026,02:00,Bonaire,Grenada,2,3,6,9,0,1,0,0,13,12,
03/10/2026,13:00,Piteå IF (W),IFK Norrköping (W),1,1,5,3,,,,,,,
03/10/2026,13:00,Vittsjö GIK (W),Eskilstuna United DFF (W),2,0,6,3,,,,,,,
03/10/2026,15:00,Växjö DFF (W),Kristianstads DFF (W),0,2,1,4,,,,,,,
03/10/2026,16:30,TOP Oss,MVV Maastricht,4,1,3,7,0,0,0,0,18,16,
03/10/2026,16:30,Vitesse,NAC Breda,2,2,8,2,4,1,0,0,16,11,
03/10/2026,16:00,Colchester United,Luton Town,4,5,4,6,4,0,0,0,14,8,
03/10/2026,14:00,RB Leipzig (W),Mainz 05 (W),5,0,1,5,3,3,0,0,9,11,
03/10/2026,16:00,FC Köln (W),Freiburg (W),0,1,4,1,2,1,0,0,13,14,
03/10/2026,17:55,Eintracht Frankfurt (W),Bayern München (W),0,1,6,6,1,1,0,0,11,4,
03/10/2026,17:55,Saudi Arabia,Qatar,3,2,12,2,2,0,0,0,11,11,
03/10/2026,14:00,Albacete,Eibar,1,3,6,0,2,1,0,0,10,11,
03/10/2026,16:15,Almería,Burgos CF,2,1,8,3,2,3,0,0,15,13,
03/10/2026,18:30,Cádiz,Leganés,4,0,5,4,2,3,0,0,10,17,
03/10/2026,16:00,Burton Albion,Huddersfield Town,1,3,1,15,1,1,0,0,7,12,
03/10/2026,16:00,Leyton Orient,Plymouth Argyle,0,2,4,6,2,2,0,0,12,16,
03/10/2026,16:00,Reading,Bradford City,1,1,9,5,2,3,0,0,10,21,
03/10/2026,13:30,Chesterfield,Tranmere Rovers,4,2,12,1,3,3,0,0,11,13,
03/10/2026,16:00,Accrington Stanley,Cheltenham Town,2,0,8,2,3,1,0,1,15,11,
03/10/2026,16:00,Crewe Alexandra,Bristol Rovers,3,1,3,5,4,4,0,0,13,23,
03/10/2026,16:00,Exeter City,Rotherham United,1,0,8,2,2,1,0,0,8,13,
03/10/2026,16:00,Gillingham,Newport County,0,0,3,2,4,2,0,0,17,12,
03/10/2026,16:00,Grimsby Town,Shrewsbury Town,1,2,8,6,1,6,0,0,13,25,
03/10/2026,16:00,Rochdale,Swindon Town,1,0,11,5,0,0,0,1,7,18,
03/10/2026,16:00,Salford City,Fleetwood Town,1,0,11,3,1,1,0,0,7,6,
03/10/2026,12:00,Espanyol (W),Deportivo Alavés (W),1,0,4,6,0,2,0,0,13,10,
03/10/2026,12:00,Sevilla (W),Levante Badalona (W),3,3,5,5,3,2,0,0,7,8,
03/10/2026,16:00,Deportivo de A Coruña (W),Atlético Madrid (W),1,2,4,7,0,0,0,0,12,7,
03/10/2026,18:00,Madrid CFF (W),Athletic Club (W),2,2,4,4,3,3,0,0,17,9,
03/10/2026,02:00,Orlando Pride (W),San Diego Wave FC (W),1,2,2,6,2,1,0,0,9,8,
03/10/2026,04:00,Seattle Reign FC (W),North Carolina Courage (W),0,1,6,2,2,2,0,0,6,11,
03/10/2026,12:00,Veres Rivne,Kudrivka,2,1,4,3,,,,,,,
03/10/2026,18:00,Le Havre (W),Saint Malo (W),2,0,2,9,2,0,1,0,20,5,
03/10/2026,18:00,OL Lyonnes (W),Toulouse (W),5,0,8,1,0,4,0,0,5,11,
03/10/2026,18:30,Nantes (W),Montpellier (W),1,1,2,8,2,4,0,0,12,14,
03/10/2026,18:30,Strasbourg (W),Marseille (W),3,3,6,4,0,1,0,0,8,11,
03/10/2026,12:30,Parma Calcio 1913 (W),Ternana Femminile (W),1,2,2,5,1,2,0,0,15,10,
03/10/2026,15:00,Fiorentina (W),Sassuolo (W),2,0,7,3,1,1,0,0,6,9,
03/10/2026,18:00,Roma (W),Lazio (W),3,1,5,3,2,3,0,0,10,13,
03/10/2026,14:30,Cittadella,AlbinoLeffe,1,2,11,1,2,2,0,0,18,7,
03/10/2026,17:30,Arzignano Valchiampo,Pergolettese,2,2,3,10,1,2,1,0,10,7,
03/10/2026,14:30,Gubbio,Perugia,1,3,5,3,3,1,0,0,12,12,
03/10/2026,14:30,Vado,Forlì,1,0,3,4,4,1,0,0,22,9,
03/10/2026,17:30,Grosseto,Sambenedettese,1,3,8,3,5,4,0,0,16,14,
03/10/2026,17:30,Livorno,Pescara,0,1,3,4,2,3,0,0,18,14,
03/10/2026,14:30,Cavese,Casertana,2,0,8,6,3,0,0,0,13,5,
03/10/2026,14:30,Sorrento,Casarano,2,0,5,11,1,1,0,0,14,13,
03/10/2026,17:30,Giugliano,Barletta,1,0,1,0,0,3,0,0,14,17,
03/10/2026,17:30,Monopoli,Savoia,0,0,5,2,1,4,0,0,7,22,
03/10/2026,14:30,Manchester United (W),Liverpool (W),1,0,5,5,2,2,0,0,13,12,
03/10/2026,02:30,Boca Juniors,Unión,3,0,2,1,0,0,0,0,7,11,
03/10/2026,02:30,Independiente Rivadavia,Gimnasia LP,1,1,5,3,0,0,0,0,8,6,
03/10/2026,03:30,Deportivo Cali,Alianza FC,3,1,3,5,0,0,1,0,10,14,
03/10/2026,02:35,Fortaleza,Náutico,1,1,7,4,0,0,0,0,15,22,
03/10/2026,16:00,Avaí,Ceará,0,1,8,6,0,0,0,0,11,16,
02/10/2026,20:45,Belgium,Turkiye,3,0,2,5,4,4,0,0,12,12,
02/10/2026,20:45,France,Italy,1,1,6,4,0,4,1,0,9,10,
02/10/2026,20:45,Hungary,Georgia,1,0,8,4,3,2,0,0,18,17,
02/10/2026,20:45,Ukraine,Northern Ireland,0,3,7,1,3,1,0,0,15,4,
02/10/2026,20:45,Bosnia and Herzegovina,Sweden,1,1,4,0,0,0,0,0,8,11,
02/10/2026,20:45,Poland,Romania,6,0,7,1,2,3,0,1,9,11,
02/10/2026,16:00,Kazakhstan,Moldova,1,2,11,4,2,0,0,0,10,10,
02/10/2026,20:45,Faroe Islands,Slovakia,1,1,2,10,3,0,0,0,12,7,
02/10/2026,18:00,Cyprus,Armenia,2,0,1,11,0,2,1,0,6,10,
02/10/2026,18:00,Latvia,Montenegro,1,2,5,2,1,1,0,0,10,7,
02/10/2026,13:00,South Korea,Venezuela,0,0,3,1,3,1,0,0,24,14,
02/10/2026,13:35,China,Palestine,0,5,1,4,1,1,0,0,12,9,
02/10/2026,03:30,Seattle Sounders FC,Sporting Kansas City,2,1,11,6,1,1,0,0,7,4,
02/10/2026,19:00,Ranheim,Egersund,5,0,3,4,,,,,,,
02/10/2026,18:00,FUS Rabat,US Amal Tiznit,0,1,4,0,,,,,,,
02/10/2026,20:00,Widad Temara,Union Touarga Sport,0,1,5,0,,,,,,,
02/10/2026,22:00,Ittihad Tanger,MAT Tetouan,1,1,7,3,,,,,,,
02/10/2026,12:30,Juventus,Cremonese,0,1,4,1,0,1,0,0,8,11,
02/10/2026,02:00,Dominican Republic,Haiti,1,4,5,5,3,3,0,0,13,14,
02/10/2026,04:00,Nicaragua,Costa Rica,0,3,4,6,3,2,0,0,14,13,
02/10/2026,02:00,Cayman Islands,Puerto Rico,0,3,1,6,1,1,0,0,14,17,
02/10/2026,21:00,Saint Lucia,Guadeloupe,3,0,3,5,2,3,0,0,14,12,
02/10/2026,23:00,St. Kitts and Nevis,Cuba,3,3,3,4,3,1,0,0,9,15,
03/10/2026,00:00,Suriname,Guatemala,0,0,5,0,2,4,0,0,17,16,
02/10/2026,21:00,Helmond Sport,Heracles,2,2,2,12,3,4,1,1,18,5,
02/10/2026,18:30,Bayer Leverkusen (W),Werder Bremen (W),3,2,3,2,2,6,0,0,20,16,
02/10/2026,20:30,Eldense,Real Oviedo,4,1,6,8,2,4,0,0,18,17,
02/10/2026,20:45,Dundalk,Bohemian FC,1,2,2,4,1,2,0,1,13,18,
02/10/2026,02:15,Club Atlético Platense,Estudiantes,1,0,4,6,0,0,0,0,17,11,
02/10/2026,15:15,Al-Ain,Ajman,2,3,3,6,0,0,0,0,12,11,
02/10/2026,15:15,Al-Wasl,Kalba FC,4,0,3,8,0,0,0,0,9,14,
02/10/2026,17:45,Shabab Al-Ahli Dubai FC,Al-Nasr SC,1,1,10,2,0,0,0,0,4,19,
02/10/2026,17:45,Khorfakkan,Al-Jazira,0,2,2,6,0,0,0,0,6,10,
03/10/2026,00:15,Independiente,Instituto,1,4,3,7,0,0,1,0,13,9,
03/10/2026,01:00,Montréal Roses FC,Ottawa Rapid FC,0,0,7,6,0,0,0,0,6,9,
03/10/2026,01:00,Universidad de Concepción,Huachipato,0,2,5,5,0,0,2,0,16,7,
03/10/2026,01:00,São Paulo,Santos,1,2,14,1,0,0,0,0,13,10,
02/10/2026,02:00,Novorizontino,Goiás,3,0,4,2,0,0,0,0,17,14,
03/10/2026,00:30,São Bernardo,CRB,3,1,5,7,0,0,0,0,11,12,
03/10/2026,01:30,Londrina,Criciúma,0,2,6,4,0,0,1,0,11,20,
03/10/2026,01:45,Juventude,Operário-PR,3,0,3,5,0,0,0,0,26,17,
